Student #, GPA, Choice Ranking
400277000, 5.7, 10, 7, 20, 17, 15, 3, 9, 8, 13, 27
400277001, 5.3, 17, 22, 18, 16, 1, 2, 23, 29, 12, 25
400277002, 9.8, 0, 7, 4, 9, 25, 21, 17, 13, 1, 24
400277003, 4.7, 1, 0, 6, 11, 17, 16, 4, 18, 25, 27
400277004, 5.6, 18, 29, 19, 3, 22, 4, 20, 7, 15, 17
400277005, 6.5, 1, 28, 5, 13, 20, 24, 8, 21, 23, 18
400277006, 4.9, 25, 10, 16, 1, 9, 20, 21, 29, 2, 17
400277007, 5.1, 1, 3, 22, 18, 27, 11, 0, 15, 26, 13
400277008, 5.4, 26, 7, 24, 19, 15, 10, 28, 8, 29, 23
400277009, 4.0, 1, 23, 29, 18, 8, 26, 7, 9, 22, 2
400277010, 7.6, 19, 24, 1, 16, 13, 29, 3, 5, 7, 23
400277011, 6.6, 26, 4, 19, 2, 7, 21, 29, 13, 18, 27
400277012, 8.2, 21, 28, 3, 14, 25, 7, 6, 5, 10, 22
400277013, 4.7, 24, 9, 7, 26, 0, 15, 12, 17, 2, 5
400277014, 5.4, 1, 22, 3, 0, 11, 20, 14, 4, 13, 8
400277015, 5.3, 4, 27, 1, 25, 9, 16, 24, 5, 20, 17
400277016, 10.4, 28, 21, 26, 22, 23, 9, 1, 0, 2, 10
400277017, 5.4, 24, 23, 18, 28, 8, 13, 26, 7, 10, 3
400277018, 8.0, 2, 16, 23, 1, 14, 3, 4, 0, 22, 8
400277019, 4.6, 0, 18, 5, 22, 23, 7, 17, 13, 29, 4
400277020, 9.1, 10, 20, 3, 4, 18, 8, 5, 2, 12, 13
400277021, 8.5, 9, 7, 22, 24, 14, 29, 2, 20, 5, 1
400277022, 6.1, 16, 23, 9, 19, 15, 17, 4, 2, 6, 10
400277023, 7.2, 23, 24, 26, 1, 27, 4, 8, 18, 13, 14
400277024, 6.9, 29, 8, 2, 5, 4, 23, 13, 10, 1, 19
400277025, 9.6, 16, 24, 20, 9, 2, 6, 22, 15, 13, 3
400277026, 7.6, 26, 25, 13, 22, 17, 0, 20, 6, 2, 21
400277027, 4.0, 0, 28, 4, 9, 13, 27, 7, 8, 29, 25
400277028, 4.0, 1, 6, 13, 2, 16, 22, 23, 27, 18, 11
400277029, 6.0, 27, 25, 7, 18, 23, 13, 2, 26, 0, 9
400277030, 6.9, 5, 10, 20, 0, 14, 29, 8, 7, 11, 19
400277031, 6.5, 11, 6, 4, 12, 1, 22, 24, 15, 21, 13
400277032, 7.9, 2, 7, 26, 8, 12, 20, 11, 3, 15, 5
400277033, 6.2, 26, 3, 20, 1, 23, 6, 12, 13, 0, 2
400277034, 6.3, 9, 22, 27, 7, 19, 12, 24, 6, 21, 20
400277035, 4.4, 8, 25, 24, 29, 16, 10, 4, 22, 3, 27
400277036, 5.5, 26, 5, 29, 19, 28, 1, 14, 12, 9, 22
400277037, 7.5, 24, 18, 12, 6, 17, 7, 11, 28, 2, 29
400277038, 8.8, 25, 10, 8, 4, 18, 9, 6, 26, 3, 16
400277039, 5.5, 29, 27, 28, 9, 25, 19, 2, 15, 18, 23
400277040, 10.5, 14, 9, 10, 4, 1, 20, 26, 17, 0, 15
400277041, 6.8, 2, 23, 0, 21, 24, 11, 14, 18, 6, 22
400277042, 8.7, 14, 0, 29, 8, 22, 13, 17, 9, 10, 12
400277043, 6.2, 22, 24, 20, 19, 0, 11, 9, 15, 26, 29
400277044, 5.7, 29, 27, 13, 21, 10, 0, 28, 7, 16, 2
400277045, 5.4, 27, 25, 21, 28, 24, 9, 5, 16, 13, 12
400277046, 6.7, 1, 28, 17, 3, 0, 10, 13, 23, 21, 4
400277047, 8.5, 23, 25, 29, 7, 16, 3, 4, 6, 10, 11
400277048, 4.9, 15, 20, 1, 8, 25, 24, 6, 13, 0, 9
400277049, 7.6, 13, 11, 28, 6, 18, 2, 25, 4, 3, 15
400277050, 4.0, 24, 19, 18, 7, 20, 15, 5, 12, 6, 16
400277051, 9.6, 16, 3, 8, 17, 24, 7, 18, 2, 15, 4
400277052, 8.0, 20, 4, 29, 9, 2, 26, 12, 15, 23, 17
400277053, 5.0, 28, 23, 26, 2, 7, 5, 3, 13, 15, 14
400277054, 5.2, 14, 26, 8, 27, 16, 25, 22, 19, 12, 7
400277055, 5.2, 11, 13, 2, 16, 19, 3, 26, 20, 7, 4
400277056, 7.6, 19, 3, 22, 2, 1, 16, 23, 24, 27, 0
400277057, 9.4, 7, 9, 2, 4, 23, 27, 6, 14, 22, 24
400277058, 8.1, 2, 5, 28, 17, 6, 22, 21, 26, 14, 11
400277059, 4.8, 12, 27, 21, 26, 23, 0, 7, 14, 10, 25
400277060, 7.2, 4, 7, 24, 18, 16, 15, 1, 20, 26, 6
400277061, 6.3, 6, 16, 22, 17, 12, 27, 23, 19, 3, 10
400277062, 7.0, 20, 3, 11, 5, 17, 14, 24, 28, 2, 18
400277063, 11.2, 27, 12, 2, 21, 14, 22, 0, 23, 7, 4
400277064, 10.0, 4, 28, 29, 11, 9, 3, 7, 16, 24, 21
400277065, 8.8, 12, 1, 24, 26, 16, 17, 13, 11, 5, 2
400277066, 7.7, 14, 26, 6, 19, 27, 21, 8, 1, 18, 23
400277067, 6.1, 17, 23, 7, 5, 22, 6, 16, 21, 12, 20
400277068, 5.0, 2, 26, 4, 27, 29, 8, 23, 0, 28, 5
400277069, 8.4, 3, 24, 6, 14, 12, 28, 9, 16, 0, 4
400277070, 7.4, 17, 11, 29, 15, 26, 10, 12, 23, 24, 6
400277071, 7.5, 24, 20, 23, 28, 3, 15, 22, 12, 29, 11
400277072, 6.8, 1, 21, 19, 16, 17, 25, 8, 24, 4, 23
400277073, 7.2, 9, 2, 11, 23, 18, 21, 3, 22, 25, 13
400277074, 5.2, 0, 9, 8, 13, 12, 23, 5, 10, 21, 3
400277075, 7.8, 16, 24, 11, 22, 0, 18, 2, 26, 4, 9
400277076, 6.1, 5, 26, 7, 23, 17, 14, 13, 28, 22, 29
400277077, 9.3, 6, 4, 17, 0, 24, 23, 19, 21, 12, 28
400277078, 9.6, 1, 18, 4, 15, 7, 25, 12, 29, 26, 17
400277079, 9.0, 10, 6, 20, 12, 18, 7, 24, 16, 1, 23
400277080, 8.4, 20, 16, 11, 25, 9, 22, 4, 8, 5, 7
400277081, 6.3, 6, 26, 2, 12, 14, 16, 20, 10, 23, 25
400277082, 7.9, 1, 6, 25, 9, 4, 15, 26, 19, 3, 24
400277083, 9.5, 28, 24, 0, 6, 7, 16, 3, 13, 29, 12
400277084, 5.6, 4, 3, 13, 14, 1, 18, 16, 7, 27, 21
400277085, 9.6, 7, 13, 1, 26, 14, 23, 17, 22, 9, 25
400277086, 7.4, 28, 27, 14, 21, 15, 3, 25, 12, 23, 13
400277087, 5.0, 2, 9, 29, 0, 17, 26, 7, 14, 28, 5
400277088, 8.4, 18, 26, 17, 12, 7, 29, 5, 21, 8, 24
400277089, 7.8, 23, 29, 27, 1, 5, 7, 3, 15, 18, 2
400277090, 6.0, 6, 25, 23, 27, 13, 0, 21, 14, 3, 17
400277091, 8.3, 0, 23, 4, 3, 26, 8, 18, 17, 2, 28
400277092, 6.8, 26, 8, 25, 22, 11, 7, 13, 21, 27, 2
400277093, 9.0, 8, 23, 15, 18, 20, 5, 12, 2, 9, 11
400277094, 7.1, 9, 10, 18, 20, 21, 4, 25, 14, 12, 22
400277095, 8.3, 10, 7, 1, 12, 27, 19, 4, 5, 21, 13
400277096, 8.8, 15, 12, 13, 25, 6, 2, 14, 29, 3, 24
400277097, 10.0, 9, 23, 2, 15, 5, 19, 25, 17, 14, 1
400277098, 4.3, 3, 13, 1, 29, 9, 27, 11, 18, 7, 26
400277099, 8.5, 25, 15, 22, 13, 12, 29, 6, 28, 8, 18
400277100, 6.2, 3, 20, 17, 11, 23, 28, 29, 25, 10, 6
400277101, 7.0, 5, 22, 8, 18, 6, 13, 3, 14, 7, 25
400277102, 7.6, 6, 23, 22, 19, 20, 11, 9, 29, 18, 24
400277103, 6.8, 18, 28, 25, 29, 16, 7, 0, 5, 19, 22
400277104, 8.9, 8, 0, 27, 9, 11, 13, 6, 1, 5, 12
400277105, 8.2, 19, 11, 29, 3, 24, 23, 12, 4, 21, 0
400277106, 8.4, 26, 12, 5, 0, 17, 13, 24, 25, 11, 21
400277107, 2.6, 15, 16, 26, 13, 9, 8, 0, 27, 14, 6
400277108, 6.6, 29, 18, 25, 3, 8, 26, 2, 13, 20, 24
400277109, 7.2, 26, 23, 1, 15, 5, 10, 24, 12, 14, 18
400277110, 6.7, 17, 1, 26, 9, 13, 20, 6, 10, 11, 5
400277111, 5.6, 26, 13, 1, 20, 2, 22, 23, 14, 0, 17
400277112, 4.6, 13, 9, 16, 28, 23, 4, 17, 29, 1, 5
400277113, 4.6, 25, 17, 23, 26, 7, 3, 14, 22, 2, 27
400277114, 4.1, 4, 9, 14, 7, 19, 22, 10, 27, 8, 13
400277115, 3.7, 1, 28, 22, 16, 4, 8, 24, 7, 2, 6
400277116, 11.3, 8, 14, 10, 15, 21, 18, 22, 5, 6, 11
400277117, 8.0, 21, 28, 5, 25, 2, 13, 27, 23, 4, 10
400277118, 6.3, 6, 16, 1, 27, 21, 12, 3, 28, 18, 4
400277119, 5.5, 28, 18, 8, 20, 11, 1, 17, 0, 7, 12
400277120, 9.4, 16, 15, 12, 29, 7, 27, 4, 22, 18, 20
400277121, 7.9, 12, 25, 29, 24, 0, 15, 28, 7, 16, 5
400277122, 6.5, 14, 10, 3, 28, 18, 21, 23, 15, 9, 29
400277123, 5.2, 2, 21, 28, 17, 22, 5, 9, 26, 24, 7
400277124, 3.4, 25, 12, 14, 4, 19, 15, 29, 16, 22, 21
400277125, 9.6, 21, 22, 15, 26, 9, 0, 3, 4, 11, 18
400277126, 7.8, 6, 9, 2, 22, 17, 1, 15, 5, 29, 21
400277127, 10.7, 1, 21, 11, 0, 20, 7, 10, 16, 6, 2
400277128, 9.3, 8, 4, 13, 26, 3, 17, 19, 22, 2, 11
400277129, 6.2, 20, 0, 23, 7, 9, 8, 28, 10, 12, 24
400277130, 3.0, 10, 22, 13, 8, 23, 18, 17, 14, 9, 5
400277131, 3.6, 3, 2, 25, 5, 15, 28, 19, 9, 29, 10
400277132, 2.8, 20, 9, 2, 7, 6, 27, 22, 16, 23, 24
400277133, 5.5, 23, 0, 8, 12, 29, 24, 28, 22, 19, 15
400277134, 7.6, 0, 10, 4, 1, 12, 21, 17, 23, 13, 5
400277135, 6.3, 28, 14, 10, 0, 1, 29, 15, 11, 21, 17
400277136, 11.3, 8, 7, 21, 25, 18, 19, 2, 12, 17, 26
400277137, 7.7, 19, 28, 18, 5, 11, 25, 16, 29, 1, 21
400277138, 8.0, 24, 5, 13, 1, 15, 21, 9, 19, 26, 18
400277139, 6.1, 1, 29, 23, 13, 6, 16, 12, 8, 25, 10
400277140, 4.5, 7, 10, 11, 12, 27, 17, 24, 14, 26, 3
400277141, 9.6, 23, 24, 12, 20, 15, 27, 13, 5, 29, 22
400277142, 6.8, 1, 13, 5, 27, 14, 26, 6, 3, 11, 2
400277143, 8.0, 13, 2, 29, 3, 8, 4, 23, 28, 0, 7
400277144, 9.2, 0, 17, 27, 29, 10, 5, 26, 18, 22, 8
400277145, 6.5, 19, 5, 13, 1, 3, 20, 17, 29, 4, 24
400277146, 9.3, 23, 3, 9, 0, 15, 13, 22, 11, 29, 4
400277147, 8.7, 12, 18, 29, 2, 0, 21, 8, 20, 23, 26
400277148, 5.4, 20, 0, 8, 4, 2, 12, 16, 18, 17, 27
400277149, 5.2, 27, 9, 7, 24, 11, 29, 1, 14, 3, 23
400277150, 7.7, 6, 7, 8, 5, 27, 24, 10, 17, 15, 1
400277151, 7.2, 20, 15, 13, 8, 29, 27, 9, 25, 10, 0
400277152, 7.6, 17, 23, 20, 9, 6, 18, 13, 14, 19, 25
400277153, 3.2, 29, 4, 10, 1, 23, 9, 17, 28, 15, 11
400277154, 5.4, 22, 17, 4, 0, 25, 12, 24, 26, 11, 18
400277155, 4.5, 5, 13, 11, 24, 4, 16, 26, 27, 17, 29
400277156, 4.2, 25, 24, 28, 12, 15, 20, 22, 9, 10, 13
400277157, 6.1, 19, 5, 18, 8, 14, 4, 11, 29, 24, 22
400277158, 8.2, 14, 28, 6, 27, 10, 13, 5, 25, 21, 19
400277159, 8.3, 29, 27, 0, 2, 7, 12, 1, 20, 11, 6
400277160, 6.5, 10, 5, 2, 19, 23, 6, 25, 3, 18, 24
400277161, 5.0, 15, 26, 25, 0, 7, 29, 4, 8, 16, 1
400277162, 7.3, 27, 11, 15, 28, 18, 9, 23, 13, 10, 26
400277163, 3.9, 28, 15, 14, 24, 3, 23, 27, 16, 6, 10
400277164, 9.4, 6, 10, 0, 3, 27, 18, 9, 12, 20, 14
400277165, 6.7, 17, 9, 25, 5, 0, 4, 6, 27, 7, 12
400277166, 9.6, 8, 3, 14, 27, 20, 25, 1, 9, 2, 7
400277167, 4.8, 17, 27, 9, 26, 21, 0, 15, 2, 13, 22
400277168, 7.5, 25, 23, 18, 17, 7, 3, 11, 5, 16, 12
400277169, 7.9, 14, 8, 24, 21, 27, 26, 17, 22, 1, 5
400277170, 5.1, 10, 17, 23, 6, 2, 9, 24, 11, 3, 22
400277171, 10.2, 20, 14, 24, 29, 4, 26, 5, 22, 16, 28
400277172, 3.3, 12, 26, 21, 19, 11, 1, 16, 29, 15, 17
400277173, 5.3, 15, 18, 29, 9, 5, 20, 28, 24, 4, 11
400277174, 6.7, 14, 20, 5, 4, 13, 12, 21, 9, 16, 3
400277175, 6.4, 10, 11, 9, 21, 4, 13, 19, 15, 26, 23
400277176, 6.4, 9, 13, 8, 15, 14, 16, 2, 27, 28, 3
400277177, 4.7, 15, 21, 3, 2, 11, 26, 14, 29, 24, 27
400277178, 8.4, 10, 20, 26, 27, 16, 13, 8, 2, 9, 3
400277179, 7.9, 24, 18, 20, 16, 9, 19, 4, 8, 14, 15
400277180, 8.1, 4, 8, 9, 13, 12, 15, 2, 7, 20, 0
400277181, 5.9, 0, 21, 10, 17, 5, 8, 4, 9, 19, 11
400277182, 3.3, 1, 9, 27, 2, 21, 26, 28, 17, 11, 7
400277183, 8.0, 22, 25, 13, 4, 7, 23, 26, 5, 27, 11
400277184, 8.6, 11, 23, 8, 6, 20, 22, 16, 19, 29, 7
400277185, 9.2, 17, 27, 11, 2, 25, 7, 1, 0, 19, 15
400277186, 3.7, 22, 12, 27, 3, 15, 9, 25, 20, 16, 24
400277187, 11.5, 13, 29, 19, 18, 23, 11, 7, 28, 4, 10
400277188, 1.9, 21, 11, 14, 13, 12, 16, 25, 18, 26, 3
400277189, 6.1, 10, 0, 4, 18, 29, 15, 19, 9, 13, 28
400277190, 7.6, 13, 18, 15, 9, 21, 19, 6, 27, 3, 11
400277191, 6.9, 24, 16, 10, 14, 28, 2, 9, 19, 27, 20
400277192, 9.2, 10, 12, 8, 22, 24, 29, 18, 26, 6, 19
400277193, 4.6, 13, 18, 16, 17, 2, 8, 19, 6, 5, 10
400277194, 5.6, 16, 20, 0, 25, 24, 15, 10, 22, 18, 2
400277195, 6.6, 2, 29, 20, 9, 0, 24, 6, 3, 16, 27
400277196, 9.2, 9, 24, 5, 29, 18, 14, 7, 6, 10, 12
400277197, 5.5, 5, 4, 2, 11, 15, 22, 12, 7, 20, 3
400277198, 6.4, 28, 29, 23, 0, 7, 3, 21, 18, 15, 27
400277199, 10.0, 2, 27, 29, 8, 9, 22, 11, 14, 1, 10
400277200, 7.0, 26, 0, 24, 6, 13, 1, 20, 2, 25, 16
400277201, 6.3, 15, 25, 27, 2, 0, 22, 16, 11, 17, 14
400277202, 3.6, 3, 24, 29, 4, 18, 0, 19, 10, 26, 8
400277203, 8.7, 22, 17, 28, 24, 2, 12, 29, 1, 9, 19
400277204, 4.2, 8, 1, 14, 9, 17, 29, 16, 6, 11, 5
400277205, 9.2, 3, 28, 2, 21, 16, 6, 20, 19, 29, 25
400277206, 7.5, 25, 14, 13, 8, 18, 26, 6, 4, 24, 22
400277207, 6.6, 5, 6, 17, 4, 12, 13, 20, 21, 16, 23
400277208, 7.3, 27, 3, 22, 28, 7, 14, 6, 20, 5, 10
400277209, 9.7, 1, 14, 12, 11, 28, 2, 27, 18, 13, 23
400277210, 2.2, 25, 8, 21, 24, 10, 19, 15, 4, 16, 6
400277211, 7.5, 19, 20, 24, 14, 21, 1, 2, 22, 29, 16
400277212, 9.3, 20, 0, 6, 4, 14, 24, 13, 9, 12, 23
400277213, 9.7, 14, 11, 2, 7, 29, 10, 15, 26, 1, 4
400277214, 7.2, 27, 7, 8, 21, 25, 28, 16, 12, 11, 9
400277215, 2.0, 22, 1, 4, 16, 13, 0, 3, 29, 25, 24
400277216, 9.7, 4, 5, 24, 15, 9, 14, 25, 10, 8, 20
400277217, 7.4, 12, 20, 23, 9, 4, 29, 5, 26, 25, 28
400277218, 8.2, 21, 9, 3, 19, 5, 13, 1, 20, 2, 7
400277219, 7.4, 2, 25, 0, 1, 9, 3, 6, 26, 4, 19
400277220, 3.9, 25, 17, 23, 21, 8, 12, 3, 24, 11, 9
400277221, 5.8, 24, 2, 17, 19, 28, 13, 5, 23, 29, 22
400277222, 11.4, 13, 24, 4, 16, 19, 22, 0, 9, 26, 18
400277223, 8.0, 3, 13, 25, 19, 2, 18, 27, 6, 1, 14
400277224, 8.2, 5, 16, 27, 6, 4, 15, 28, 2, 12, 26
400277225, 6.1, 27, 23, 16, 3, 29, 4, 10, 14, 26, 0
400277226, 6.9, 23, 5, 19, 4, 28, 2, 20, 26, 9, 22
400277227, 3.1, 8, 19, 29, 28, 17, 4, 14, 11, 6, 26
400277228, 4.1, 17, 7, 21, 12, 27, 20, 0, 29, 4, 1
400277229, 6.5, 22, 17, 8, 1, 13, 4, 2, 28, 9, 6
400277230, 4.2, 28, 22, 16, 6, 29, 10, 27, 20, 19, 7
400277231, 3.0, 19, 29, 26, 28, 24, 2, 18, 7, 27, 1
400277232, 7.3, 1, 17, 6, 0, 14, 22, 7, 23, 10, 13
400277233, 5.9, 3, 24, 22, 1, 28, 0, 29, 6, 7, 16
400277234, 8.2, 4, 11, 21, 15, 5, 28, 10, 25, 16, 24
400277235, 8.1, 7, 9, 25, 28, 10, 23, 3, 14, 22, 0
400277236, 5.0, 24, 28, 21, 5, 9, 16, 6, 12, 8, 27
400277237, 9.2, 16, 22, 0, 27, 4, 17, 29, 3, 13, 15
400277238, 8.2, 4, 10, 28, 21, 0, 2, 25, 9, 17, 6
400277239, 7.5, 14, 7, 9, 0, 17, 11, 13, 1, 27, 2
400277240, 6.2, 3, 24, 17, 20, 0, 13, 10, 26, 19, 16
400277241, 5.1, 13, 2, 18, 0, 9, 20, 21, 29, 17, 1
400277242, 9.3, 29, 0, 28, 5, 13, 18, 15, 2, 27, 3
400277243, 8.2, 20, 24, 19, 14, 28, 27, 22, 10, 4, 26
400277244, 6.9, 13, 27, 1, 0, 16, 7, 28, 15, 9, 29
400277245, 3.3, 12, 13, 24, 16, 20, 19, 29, 6, 4, 26
400277246, 10.7, 8, 17, 16, 1, 25, 22, 26, 27, 15, 3
400277247, 9.5, 9, 15, 0, 3, 16, 10, 13, 25, 23, 8
400277248, 9.8, 0, 25, 10, 6, 18, 7, 15, 20, 5, 28
400277249, 5.3, 21, 24, 14, 7, 26, 28, 2, 18, 3, 11
400277250, 7.2, 20, 26, 24, 29, 23, 10, 4, 1, 13, 12
400277251, 9.6, 14, 9, 16, 12, 24, 15, 23, 27, 1, 7
400277252, 8.4, 11, 23, 20, 0, 25, 7, 29, 5, 24, 26
400277253, 9.4, 7, 26, 29, 5, 9, 16, 24, 4, 0, 19
400277254, 8.8, 18, 17, 3, 20, 6, 9, 23, 12, 1, 22
400277255, 8.0, 25, 1, 8, 9, 0, 29, 3, 5, 24, 18
400277256, 9.9, 11, 3, 17, 13, 20, 19, 10, 21, 26, 16
400277257, 7.7, 28, 5, 21, 1, 27, 2, 9, 23, 0, 4
400277258, 5.7, 11, 24, 14, 13, 26, 15, 18, 29, 12, 5
400277259, 5.9, 15, 22, 29, 8, 4, 14, 7, 5, 18, 13
400277260, 8.5, 14, 11, 2, 7, 28, 17, 24, 9, 21, 10
400277261, 7.2, 17, 13, 11, 5, 4, 12, 19, 23, 25, 0
400277262, 6.8, 6, 7, 9, 26, 22, 3, 4, 18, 23, 20
400277263, 8.9, 27, 10, 3, 15, 17, 0, 23, 1, 6, 9
400277264, 8.0, 16, 12, 20, 0, 22, 5, 28, 23, 11, 15
400277265, 8.4, 5, 18, 9, 29, 28, 7, 12, 20, 19, 4
400277266, 8.1, 17, 21, 14, 4, 25, 20, 23, 16, 24, 22
400277267, 7.0, 9, 20, 4, 3, 8, 29, 18, 5, 7, 14
400277268, 8.9, 0, 24, 11, 19, 5, 12, 3, 10, 15, 23
400277269, 8.5, 29, 12, 2, 23, 13, 28, 24, 17, 10, 0
400277270, 11.4, 5, 7, 19, 29, 0, 21, 28, 20, 27, 9
400277271, 9.7, 23, 24, 9, 26, 17, 4, 12, 3, 10, 22
400277272, 8.0, 22, 25, 26, 0, 19, 6, 27, 9, 20, 4
400277273, 6.3, 3, 14, 24, 29, 8, 18, 1, 0, 27, 7
400277274, 11.1, 17, 5, 6, 9, 4, 14, 22, 7, 21, 16
400277275, 6.4, 15, 26, 17, 20, 16, 23, 29, 18, 19, 25
400277276, 7.0, 16, 28, 19, 18, 2, 22, 6, 15, 29, 3
400277277, 3.5, 0, 2, 28, 11, 18, 21, 24, 13, 4, 25
400277278, 6.1, 13, 19, 11, 26, 27, 3, 22, 20, 24, 5
400277279, 9.0, 27, 6, 18, 7, 22, 25, 5, 14, 0, 29
400277280, 6.7, 23, 3, 9, 12, 13, 7, 14, 15, 20, 11
400277281, 5.2, 5, 14, 27, 29, 21, 16, 13, 2, 12, 3
400277282, 5.0, 29, 18, 2, 16, 26, 24, 10, 14, 23, 13
400277283, 6.1, 9, 8, 28, 12, 16, 1, 18, 10, 15, 17
400277284, 6.0, 20, 7, 29, 0, 19, 18, 17, 13, 10, 14
400277285, 6.3, 23, 14, 6, 29, 21, 20, 9, 12, 5, 13
400277286, 7.4, 17, 6, 1, 22, 24, 5, 29, 27, 10, 8
400277287, 9.3, 1, 22, 3, 11, 12, 24, 16, 8, 19, 23
400277288, 3.1, 9, 19, 24, 1, 21, 15, 29, 22, 2, 0
400277289, 6.9, 8, 4, 1, 28, 12, 19, 6, 25, 21, 18
400277290, 5.7, 13, 24, 27, 14, 4, 25, 11, 20, 16, 28
400277291, 6.4, 29, 21, 2, 8, 16, 1, 7, 14, 18, 13
400277292, 9.4, 8, 20, 5, 18, 25, 24, 22, 2, 11, 7
400277293, 4.4, 5, 3, 28, 4, 7, 22, 9, 21, 1, 14
400277294, 9.0, 15, 24, 22, 14, 21, 17, 5, 20, 23, 18
400277295, 8.6, 3, 20, 28, 26, 11, 21, 7, 29, 9, 5
400277296, 7.2, 19, 9, 5, 25, 20, 8, 16, 28, 0, 27
400277297, 8.2, 13, 3, 9, 19, 21, 15, 25, 11, 14, 26
400277298, 8.4, 19, 13, 10, 25, 3, 11, 22, 7, 29, 12
400277299, 7.4, 10, 17, 2, 18, 23, 21, 24, 4, 5, 28
400277300, 5.0, 24, 12, 28, 4, 21, 29, 17, 20, 3, 26
400277301, 7.8, 13, 4, 20, 18, 10, 1, 3, 5, 22, 23
400277302, 6.2, 4, 28, 0, 23, 6, 8, 13, 15, 21, 24
400277303, 5.0, 29, 25, 20, 18, 8, 22, 5, 16, 7, 12
400277304, 7.5, 15, 28, 11, 17, 0, 5, 9, 20, 19, 6
400277305, 6.7, 27, 17, 10, 20, 18, 4, 23, 3, 26, 11
400277306, 4.9, 9, 1, 11, 29, 2, 16, 17, 7, 0, 14
400277307, 8.8, 28, 7, 8, 10, 24, 6, 20, 9, 21, 4
400277308, 11.3, 26, 8, 16, 9, 29, 28, 11, 27, 18, 19
400277309, 5.8, 12, 26, 23, 10, 5, 3, 21, 13, 2, 28
400277310, 8.2, 1, 0, 13, 8, 6, 2, 24, 16, 25, 3
400277311, 6.9, 8, 12, 2, 24, 23, 1, 0, 29, 3, 6
400277312, 9.3, 13, 20, 14, 18, 28, 16, 9, 0, 11, 19
400277313, 5.2, 29, 6, 25, 26, 15, 28, 2, 19, 17, 27
400277314, 3.8, 2, 15, 4, 13, 27, 9, 23, 21, 19, 1
400277315, 2.2, 22, 10, 12, 17, 7, 13, 4, 3, 16, 25
400277316, 8.9, 9, 17, 14, 6, 5, 0, 23, 4, 7, 15
400277317, 10.9, 26, 11, 25, 2, 15, 4, 16, 23, 10, 21
400277318, 8.7, 13, 21, 15, 12, 10, 9, 19, 6, 11, 5
400277319, 7.3, 14, 7, 3, 19, 28, 20, 23, 9, 18, 29
400277320, 6.4, 20, 18, 7, 16, 6, 27, 10, 24, 2, 1
400277321, 9.1, 29, 12, 26, 28, 23, 10, 13, 11, 14, 22
400277322, 6.2, 0, 7, 29, 17, 8, 13, 22, 20, 9, 14
400277323, 6.3, 8, 23, 13, 12, 20, 3, 10, 24, 26, 28
400277324, 8.0, 22, 4, 3, 20, 18, 29, 14, 15, 8, 9
400277325, 9.1, 28, 6, 24, 14, 16, 0, 8, 22, 15, 21
400277326, 9.7, 24, 13, 4, 10, 2, 16, 7, 29, 22, 11
400277327, 8.2, 11, 7, 21, 4, 25, 10, 8, 27, 9, 15
400277328, 5.4, 26, 8, 19, 10, 27, 3, 23, 9, 6, 20
400277329, 10.2, 11, 7, 20, 14, 2, 17, 25, 10, 28, 26
400277330, 6.7, 2, 15, 17, 12, 0, 7, 13, 27, 18, 16
400277331, 6.9, 12, 28, 2, 24, 17, 16, 23, 26, 25, 6
400277332, 3.3, 8, 3, 20, 2, 27, 6, 18, 7, 23, 10
400277333, 8.6, 27, 5, 6, 11, 23, 17, 0, 4, 14, 24
400277334, 3.4, 8, 24, 26, 20, 0, 2, 12, 15, 5, 18
400277335, 8.0, 10, 21, 27, 11, 29, 26, 20, 25, 1, 24
400277336, 8.6, 13, 5, 4, 29, 24, 14, 18, 2, 9, 27
400277337, 9.8, 24, 28, 11, 13, 27, 7, 9, 5, 20, 23
400277338, 11.6, 3, 0, 8, 2, 28, 17, 19, 13, 7, 9
400277339, 3.8, 1, 13, 24, 26, 21, 20, 4, 10, 12, 27
400277340, 7.1, 15, 3, 26, 6, 0, 18, 11, 24, 8, 12
400277341, 3.7, 5, 8, 19, 4, 26, 15, 18, 16, 1, 10
400277342, 8.6, 10, 7, 29, 0, 27, 6, 19, 4, 16, 9
400277343, 8.5, 8, 10, 1, 22, 4, 29, 14, 12, 5, 0
400277344, 5.3, 29, 17, 10, 7, 23, 6, 8, 5, 24, 19
400277345, 7.9, 14, 15, 7, 4, 25, 28, 24, 20, 18, 12
400277346, 8.0, 5, 9, 10, 29, 18, 12, 25, 1, 16, 15
400277347, 7.5, 12, 28, 29, 20, 8, 14, 27, 17, 22, 11
400277348, 7.6, 1, 5, 2, 26, 24, 18, 28, 21, 20, 4
400277349, 8.6, 8, 1, 16, 17, 0, 19, 14, 10, 11, 13
400277350, 8.5, 23, 14, 8, 13, 24, 9, 3, 25, 7, 11
400277351, 5.7, 27, 9, 1, 29, 3, 24, 11, 22, 19, 0
400277352, 9.0, 13, 10, 16, 25, 29, 21, 22, 28, 11, 6
400277353, 6.1, 24, 2, 18, 21, 1, 29, 4, 0, 22, 13
400277354, 5.6, 27, 6, 20, 17, 25, 9, 11, 22, 4, 3
400277355, 5.5, 5, 21, 19, 24, 1, 12, 15, 11, 26, 22
400277356, 5.3, 8, 14, 27, 20, 23, 4, 24, 22, 2, 18
400277357, 4.8, 27, 26, 16, 11, 29, 9, 21, 20, 14, 12
400277358, 7.9, 13, 25, 23, 19, 10, 11, 0, 5, 26, 28
400277359, 7.9, 6, 1, 13, 22, 27, 10, 3, 25, 15, 19
400277360, 8.3, 7, 27, 28, 23, 18, 13, 17, 11, 2, 26
400277361, 7.2, 1, 6, 25, 10, 12, 11, 23, 20, 21, 28
400277362, 7.7, 24, 27, 17, 13, 29, 12, 1, 16, 14, 15
400277363, 8.3, 16, 22, 24, 21, 5, 7, 27, 4, 28, 8
400277364, 8.3, 17, 19, 12, 22, 15, 11, 23, 25, 0, 7
400277365, 7.0, 20, 6, 27, 25, 18, 19, 26, 28, 21, 5
400277366, 7.1, 6, 25, 14, 28, 23, 22, 15, 4, 19, 3
400277367, 5.6, 2, 9, 5, 26, 14, 13, 3, 0, 29, 28
400277368, 6.0, 16, 7, 9, 14, 13, 23, 20, 1, 22, 27
400277369, 8.8, 2, 28, 21, 3, 22, 15, 1, 14, 19, 16
400277370, 7.4, 25, 6, 15, 17, 20, 19, 24, 23, 14, 8
400277371, 8.3, 16, 28, 27, 22, 2, 26, 23, 8, 4, 29
400277372, 5.8, 4, 13, 14, 21, 16, 6, 8, 17, 20, 5
400277373, 6.6, 27, 8, 0, 10, 15, 17, 11, 5, 19, 22
400277374, 7.0, 20, 25, 21, 23, 8, 4, 18, 29, 14, 13
400277375, 3.9, 25, 18, 13, 5, 10, 16, 29, 9, 8, 27
400277376, 8.7, 5, 7, 27, 15, 26, 28, 3, 13, 2, 24
400277377, 7.7, 9, 13, 21, 11, 4, 29, 27, 22, 23, 15
400277378, 5.3, 28, 2, 19, 23, 13, 20, 22, 4, 3, 21
400277379, 9.8, 24, 26, 0, 19, 28, 25, 15, 29, 17, 9
400277380, 6.3, 3, 18, 11, 13, 23, 2, 7, 8, 21, 20
400277381, 8.6, 29, 23, 27, 18, 11, 1, 6, 17, 28, 12
400277382, 7.2, 22, 15, 3, 0, 7, 26, 11, 16, 27, 28
400277383, 10.8, 10, 5, 13, 22, 24, 16, 27, 29, 15, 17
400277384, 8.8, 19, 16, 5, 28, 27, 14, 23, 26, 29, 21
400277385, 8.1, 1, 12, 21, 16, 29, 7, 18, 24, 25, 15
400277386, 5.9, 6, 11, 15, 20, 22, 29, 9, 3, 1, 19
400277387, 8.9, 8, 18, 22, 24, 12, 0, 13, 19, 15, 1
400277388, 8.6, 27, 8, 0, 20, 15, 14, 1, 16, 3, 9
400277389, 4.4, 20, 3, 2, 18, 8, 19, 26, 12, 23, 24
400277390, 9.9, 4, 10, 15, 8, 22, 7, 19, 5, 11, 14
400277391, 4.0, 28, 13, 22, 14, 11, 21, 16, 1, 24, 15
400277392, 7.4, 29, 14, 26, 0, 16, 15, 19, 5, 10, 23
400277393, 8.3, 13, 11, 25, 27, 26, 6, 28, 19, 15, 12
400277394, 4.4, 0, 8, 1, 20, 5, 23, 11, 4, 17, 25
400277395, 6.6, 21, 14, 12, 23, 13, 1, 0, 25, 2, 3
400277396, 9.3, 29, 26, 6, 1, 28, 2, 11, 24, 16, 4
400277397, 6.5, 14, 16, 9, 22, 3, 0, 10, 17, 6, 29
400277398, 8.4, 22, 8, 29, 7, 0, 21, 18, 10, 5, 19
400277399, 11.5, 9, 28, 11, 4, 2, 29, 10, 24, 3, 20
400277400, 9.4, 28, 1, 8, 19, 3, 23, 5, 22, 18, 9
400277401, 7.2, 2, 21, 28, 25, 27, 8, 12, 11, 7, 13
400277402, 7.1, 16, 3, 9, 22, 2, 5, 7, 24, 28, 8
400277403, 9.0, 9, 16, 5, 10, 6, 18, 8, 26, 24, 1
400277404, 5.8, 8, 20, 22, 26, 18, 1, 29, 5, 15, 21
400277405, 5.0, 13, 22, 7, 25, 5, 6, 19, 29, 26, 8
400277406, 6.1, 9, 8, 21, 23, 7, 26, 12, 27, 1, 3
400277407, 7.7, 12, 27, 1, 14, 16, 0, 13, 4, 28, 22
400277408, 4.6, 1, 6, 21, 17, 8, 9, 3, 25, 26, 24
400277409, 9.4, 5, 9, 16, 4, 28, 14, 8, 18, 0, 22
400277410, 8.1, 23, 25, 4, 15, 14, 13, 11, 22, 29, 5
400277411, 8.7, 26, 29, 27, 6, 23, 24, 22, 4, 17, 3
400277412, 5.6, 16, 23, 6, 20, 24, 22, 17, 21, 12, 29
400277413, 6.8, 18, 11, 9, 29, 16, 26, 5, 6, 7, 27
400277414, 7.5, 23, 13, 0, 16, 2, 19, 26, 4, 9, 6
400277415, 6.0, 20, 1, 6, 18, 8, 23, 9, 5, 14, 26
400277416, 8.4, 9, 26, 21, 16, 12, 29, 8, 20, 7, 13
400277417, 8.1, 4, 3, 10, 14, 22, 19, 9, 12, 1, 15
400277418, 8.6, 19, 5, 26, 27, 3, 16, 15, 10, 13, 24
400277419, 6.7, 23, 20, 7, 12, 28, 6, 17, 9, 25, 8
400277420, 10.4, 24, 9, 2, 25, 3, 29, 19, 26, 15, 10
400277421, 7.2, 17, 1, 28, 12, 29, 18, 14, 24, 23, 20
400277422, 6.4, 9, 13, 18, 15, 19, 10, 21, 28, 12, 27
400277423, 4.0, 22, 16, 26, 7, 21, 8, 4, 2, 18, 0
400277424, 8.6, 6, 23, 17, 0, 27, 14, 8, 20, 10, 19
400277425, 7.1, 20, 18, 21, 7, 17, 4, 13, 0, 28, 12
400277426, 6.4, 17, 5, 9, 3, 18, 29, 12, 28, 6, 16
400277427, 9.3, 3, 28, 25, 2, 14, 9, 11, 15, 5, 10
400277428, 3.8, 7, 29, 10, 6, 15, 19, 1, 20, 8, 2
400277429, 9.5, 2, 0, 12, 11, 23, 16, 20, 9, 1, 27
400277430, 8.0, 12, 8, 14, 21, 25, 23, 6, 15, 24, 4
400277431, 7.4, 2, 18, 7, 0, 17, 11, 29, 26, 12, 3
400277432, 9.8, 9, 0, 10, 3, 4, 27, 24, 23, 17, 19
400277433, 5.2, 15, 18, 14, 28, 9, 23, 17, 25, 26, 8
400277434, 3.5, 11, 23, 5, 26, 10, 24, 13, 4, 22, 25
400277435, 5.6, 10, 15, 24, 7, 9, 8, 21, 11, 3, 17
400277436, 5.0, 19, 22, 10, 23, 11, 29, 5, 13, 16, 3
400277437, 8.7, 23, 8, 25, 17, 26, 0, 10, 21, 18, 2
400277438, 7.4, 11, 24, 12, 29, 20, 21, 28, 19, 16, 0
400277439, 5.3, 19, 13, 16, 11, 12, 9, 22, 14, 18, 17
400277440, 5.6, 25, 14, 0, 21, 11, 2, 4, 3, 10, 24
400277441, 8.0, 8, 20, 5, 18, 21, 16, 28, 13, 24, 26
400277442, 10.2, 2, 29, 24, 15, 1, 9, 20, 5, 16, 19
400277443, 6.8, 24, 25, 8, 20, 16, 23, 13, 7, 17, 22
400277444, 11.4, 22, 29, 26, 27, 2, 4, 5, 12, 1, 13
400277445, 8.4, 29, 8, 2, 3, 21, 6, 18, 22, 0, 14
400277446, 7.9, 3, 0, 1, 10, 8, 2, 17, 15, 26, 7
400277447, 8.0, 5, 9, 18, 20, 26, 14, 1, 28, 22, 13
400277448, 4.7, 11, 17, 29, 24, 14, 13, 4, 2, 0, 1
400277449, 7.1, 12, 15, 26, 13, 3, 8, 6, 11, 25, 9
400277450, 4.4, 29, 19, 18, 1, 14, 5, 24, 7, 21, 27
400277451, 11.1, 16, 3, 9, 18, 23, 24, 21, 29, 13, 17
400277452, 5.3, 14, 4, 27, 2, 12, 26, 25, 0, 3, 5
400277453, 5.8, 21, 18, 23, 29, 1, 3, 27, 24, 13, 14
400277454, 11.1, 27, 8, 18, 12, 16, 10, 19, 15, 29, 20
400277455, 6.6, 0, 23, 26, 25, 3, 7, 4, 18, 14, 15
400277456, 6.8, 9, 4, 24, 14, 6, 13, 22, 7, 21, 20
400277457, 6.5, 14, 10, 20, 1, 26, 28, 9, 25, 3, 7
400277458, 8.1, 26, 12, 4, 6, 8, 17, 11, 5, 24, 20
400277459, 7.7, 23, 18, 17, 22, 10, 9, 4, 6, 27, 12
400277460, 8.9, 5, 0, 19, 3, 27, 17, 11, 14, 1, 18
400277461, 9.2, 0, 23, 9, 22, 7, 14, 20, 21, 29, 16
400277462, 4.7, 4, 21, 0, 2, 14, 28, 9, 5, 10, 26
400277463, 8.3, 11, 17, 1, 9, 23, 24, 8, 13, 12, 6
400277464, 5.5, 5, 10, 2, 0, 28, 22, 14, 27, 7, 15
400277465, 6.7, 14, 16, 29, 1, 25, 0, 10, 15, 26, 6
400277466, 7.8, 22, 0, 26, 7, 21, 17, 12, 11, 27, 10
400277467, 9.4, 8, 27, 21, 25, 11, 23, 9, 10, 17, 12
400277468, 4.8, 25, 13, 14, 26, 27, 28, 12, 18, 0, 7
400277469, 5.3, 3, 11, 8, 22, 5, 21, 16, 20, 13, 23
400277470, 9.6, 26, 20, 9, 8, 10, 5, 6, 22, 25, 16
400277471, 9.3, 11, 25, 22, 2, 0, 9, 16, 6, 3, 26
400277472, 7.5, 29, 26, 16, 23, 24, 25, 1, 12, 20, 4
400277473, 6.8, 15, 10, 12, 24, 25, 8, 28, 13, 11, 7
400277474, 7.9, 28, 24, 25, 11, 21, 6, 10, 20, 18, 3
400277475, 7.6, 7, 5, 9, 2, 19, 13, 27, 26, 23, 16
400277476, 7.4, 16, 3, 28, 9, 27, 18, 25, 21, 19, 0
400277477, 7.4, 10, 28, 29, 21, 9, 12, 27, 3, 6, 13
400277478, 11.8, 17, 21, 0, 23, 27, 8, 2, 1, 22, 15
400277479, 8.7, 4, 2, 9, 22, 3, 5, 15, 19, 7, 29
400277480, 9.0, 29, 27, 10, 20, 2, 23, 25, 9, 19, 16
400277481, 8.4, 20, 29, 24, 15, 19, 27, 9, 23, 4, 28
400277482, 5.7, 21, 27, 11, 14, 8, 15, 13, 28, 22, 18
400277483, 6.3, 24, 13, 1, 23, 16, 18, 10, 20, 7, 28
400277484, 3.4, 25, 7, 11, 4, 9, 29, 20, 16, 17, 26
400277485, 10.3, 13, 6, 4, 8, 22, 5, 23, 1, 20, 24
400277486, 5.0, 12, 14, 6, 27, 16, 9, 0, 15, 2, 4
400277487, 6.1, 6, 11, 5, 14, 28, 8, 23, 20, 9, 29
400277488, 6.9, 25, 4, 17, 12, 24, 20, 15, 11, 2, 9
400277489, 8.1, 19, 17, 27, 6, 15, 4, 23, 18, 7, 3
400277490, 7.6, 16, 18, 17, 11, 3, 1, 9, 0, 4, 14
400277491, 7.4, 1, 17, 0, 27, 5, 22, 12, 19, 9, 2
400277492, 8.8, 0, 21, 22, 9, 13, 2, 5, 15, 19, 7
400277493, 9.5, 19, 4, 15, 6, 0, 20, 23, 3, 5, 24
400277494, 6.9, 28, 1, 24, 12, 18, 16, 22, 6, 20, 8
400277495, 8.4, 8, 24, 19, 3, 23, 26, 9, 11, 21, 15
400277496, 6.6, 11, 29, 14, 7, 16, 3, 10, 22, 26, 1
400277497, 7.7, 0, 11, 27, 1, 7, 26, 8, 5, 10, 21
400277498, 7.2, 9, 18, 2, 5, 8, 11, 23, 28, 24, 0
400277499, 2.8, 18, 8, 23, 7, 16, 29, 25, 17, 11, 10
400277500, 7.2, 27, 20, 19, 25, 26, 5, 13, 15, 17, 1
400277501, 8.3, 16, 2, 7, 18, 9, 20, 10, 4, 26, 29
400277502, 9.2, 11, 19, 23, 13, 8, 4, 6, 17, 21, 26
400277503, 5.3, 6, 11, 5, 12, 28, 14, 24, 10, 18, 20
400277504, 4.1, 7, 0, 2, 1, 22, 28, 9, 13, 17, 21
400277505, 4.9, 28, 24, 18, 23, 6, 16, 4, 20, 9, 10
400277506, 8.2, 21, 15, 20, 9, 26, 0, 3, 1, 5, 14
400277507, 7.7, 6, 23, 7, 21, 14, 28, 1, 15, 11, 18
400277508, 5.5, 5, 22, 12, 7, 11, 1, 16, 13, 24, 28
400277509, 7.6, 1, 10, 19, 29, 0, 8, 25, 12, 27, 24
400277510, 7.5, 16, 13, 21, 28, 24, 17, 26, 22, 10, 5
400277511, 4.2, 4, 27, 8, 25, 11, 26, 18, 23, 12, 1
400277512, 11.3, 10, 20, 9, 2, 17, 4, 27, 11, 3, 13
400277513, 9.0, 1, 4, 22, 29, 20, 12, 6, 0, 25, 18
400277514, 7.5, 4, 23, 16, 17, 1, 15, 25, 5, 3, 24
400277515, 8.2, 8, 5, 10, 2, 12, 7, 27, 29, 6, 25
400277516, 5.3, 27, 19, 2, 23, 21, 6, 14, 24, 5, 13
400277517, 4.5, 10, 17, 7, 3, 20, 15, 9, 22, 26, 23
400277518, 6.0, 16, 13, 9, 19, 0, 21, 29, 12, 22, 17
400277519, 7.1, 18, 7, 15, 16, 6, 2, 0, 11, 5, 14
400277520, 8.2, 3, 26, 16, 23, 12, 1, 29, 14, 28, 2
400277521, 5.2, 9, 22, 10, 29, 5, 7, 24, 25, 14, 11
400277522, 5.7, 20, 18, 28, 5, 4, 12, 19, 2, 3, 17
400277523, 6.8, 8, 4, 7, 9, 19, 22, 29, 17, 2, 24
400277524, 6.4, 1, 16, 27, 15, 22, 25, 9, 29, 8, 2
400277525, 4.5, 23, 9, 24, 6, 14, 13, 3, 0, 5, 22
400277526, 7.0, 27, 5, 13, 17, 8, 20, 0, 24, 3, 11
400277527, 8.9, 7, 19, 21, 14, 29, 0, 13, 1, 24, 2
400277528, 11.6, 11, 12, 29, 22, 14, 5, 7, 21, 27, 18
400277529, 4.1, 27, 26, 11, 6, 1, 3, 15, 2, 19, 17
400277530, 6.6, 18, 7, 21, 11, 4, 14, 16, 22, 24, 0
400277531, 7.1, 26, 12, 0, 21, 3, 11, 5, 19, 9, 29
400277532, 6.6, 18, 3, 12, 2, 14, 0, 15, 7, 6, 23
400277533, 7.9, 24, 26, 17, 9, 7, 6, 5, 29, 27, 22
400277534, 4.3, 26, 7, 10, 23, 13, 3, 20, 9, 25, 28
400277535, 9.0, 5, 2, 18, 28, 15, 23, 26, 16, 3, 12
400277536, 9.4, 16, 25, 27, 5, 19, 8, 18, 4, 6, 0
400277537, 9.6, 14, 20, 8, 11, 7, 9, 29, 21, 19, 5
